Workbook

Sheet Мижозлар (2)
A1: Изох | B1: Сони
A2: Боғланиш имконияти бўлмади | B2: =COUNTIFS($H:$H,A2) -> 682
A3: Ўзи олганлигини айтиб ўтган | B3: =COUNTIFS($H:$H,A3) -> 210
A4: Ўзи олмаганлигини айтиб ўтган | B4: =COUNTIFS($H:$H,A4) -> 57
A5: Мулоқат вақтида алоқа узилиши юз берди | B5: =COUNTIFS($H:$H,A5) -> 29
A6: Бегона шахсга тегишли номер | B6: =COUNTIFS($H:$H,A6) -> 93
A7: Кредит бир қисмини олганлигини айтиб ўтган | B7: =COUNTIFS($H:$H,A7) -> 24
A8: Аниқ жавоб берилмаган | B8: =COUNTIFS($H:$H,A8) -> 25
A9: Учинчи шахсга олиб берганлигини айтиб ўтган | B9: =COUNTIFS($H:$H,A9) -> 9
A10: Жами | B10: =SUM(B2:B9) -> 1129
A12: Мижоз номи | B12: ПИНФЛ | C12: Кредит расмийлаштирилган пайтда солиқ базасидан олинган маълумотга кўра расмий иш жойи | D12: Иш жойи СТИР рақами | E12: Кредит ажратилган сана | F12: Кредит миқдори | G12: Телефон рақами | H12: Изох
A13: ABDULKHAMIDOV ABDUSHUKR ABDUMALIK O'G'LI | B13: "33007995180067" | C13: "\" NORIN TUMAN IRRIGATSIYA BO'LIMI\" DM" | D13: "207263708" | E13: "2023-12-27T13:26:05Z" | F13: 30000000 | G13: +998882353132 | H13: Боғланиш имконияти бўлмади
A14: ABDULLAEV JAKHONGIR AZAMJON O'G'LI | B14: "30508995920017" | C14: "\" NORIN TUMAN IRRIGATSIYA BO'LIMI\" DM" | D14: "207263708" | E14: "2023-11-06T10:50:15Z" | F14: 30000000 | G14: +998332560100 | H14: Боғланиш имконияти бўлмади
A15: ABDURAKHMANOV URMANBEK MUMINJANOVICH | B15: "31102815130010" | C15: "\" NORIN TUMAN IRRIGATSIYA BO'LIMI\" DM" | D15: "207263708" | E15: "2023-12-28T15:56:10Z" | F15: 30000000 | G15: +998948258210 | H15: Боғланиш имконияти бўлмади
A16: ABDURASULOV ILXOMJON BOZORBOY O`G`LI | B16: "50104055150035" | C16: "\" NORIN TUMAN IRRIGATSIYA BO'LIMI\" DM" | D16: "207263708" | E16: "2023-12-15T17:31:11Z" | F16: 30000000 | G16: +998930712537 | H16: Боғланиш имконияти бўлмади
A17: ABDUSALOMOV ABDUMALIK ABDULAZIZ O'G'LI | B17: "50107045960087" | C17: "\" NORIN TUMAN IRRIGATSIYA BO'LIMI\" DM" | D17: "207263708" | E17: "2023-12-27T09:11:04Z" | F17: 30000000 | G17: +998931933277 | H17: Боғланиш имконияти бўлмади
A18: ABDUVOKHIDOV MUZAFFAR ZUXRIDDIN O'G'LI | B18: "32803952170042" | C18: "\" NORIN TUMAN IRRIGATSIYA BO'LIMI\" DM" | D18: "207263708" | E18: "2023-12-25T08:51:11Z" | F18: 30000000 | G18: +998502206400 | H18: Ўзи олганлигини айтиб ўтган
A19: AKHMEDOV UMARJON NOSIRJONOVICH | B19: "33108732160026" | C19: "\" NORIN TUMAN IRRIGATSIYA BO'LIMI\" DM" | D19: "207263708" | E19: "2023-12-13T10:00:10Z" | F19: 10000000 | G19: +998770209702 | H19: Ўзи олмаганлигини айтиб ўтган
A20: AXMAJANOVA MUNISA SOBITXON QIZI | B20: "41203922170070" | C20: "\" NORIN TUMAN IRRIGATSIYA BO'LIMI\" DM" | D20: "207263708" | E20: "2023-12-29T05:18:03Z" | F20: 30000000 | G20: +998911810779 | H20: Боғланиш имконияти бўлмади
A21: AZIZOV BOBURJON MADYOR O'G'LI | B21: "31003902160119" | C21: "\" NORIN TUMAN IRRIGATSIYA BO'LIMI\" DM" | D21: "207263708" | E21: "2023-11-21T11:34:07Z" | F21: 30000000 | G21: +998993265343 | H21: Ўзи олганлигини айтиб ўтган
A22: BOTIROVA GULBAKHOR INOMJON QIZI | B22: "40403921330032" | C22: "\" NORIN TUMAN IRRIGATSIYA BO'LIMI\" DM" | D22: "207263708" | E22: "2023-12-25T09:29:14Z" | F22: 30000000 | G22: +998946654393 | H22: Мулоқат вақтида алоқа узилиши юз берди
A23: BOZOROV DILSHODBEK RAVSHANOVICH | B23: "31205785130018" | C23: "\" NORIN TUMAN IRRIGATSIYA BO'LIMI\" DM" | D23: "207263708" | E23: "2024-01-03T18:12:10Z" | F23: 30000000 | G23: +998901488078 | H23: Боғланиш имконияти бўлмади
A24: BURKHONOV JAMOLIDIN SAIDJAXONOVICH | B24: "32309891330012" | C24: "\" NORIN TUMAN IRRIGATSIYA BO'LIMI\" DM" | D24: "207263708" | E24: "2023-11-12T14:37:09Z" | F24: 30000000 | G24: +998912918994 | H24: Боғланиш имконияти бўлмади
... A1141: ZARIFOVA ZILOLA ZAFAR QIZI | B1141: "60910016850013" | C1141: "SHIRIN SHAHAR TIBBIYOT BIRLASHMASI" | D1141: "201169280" | E1141: "2024-01-06T07:00:22Z" | F1141: 30000000 | G1141: +998901160616 | H1141: Ўзи олмаганлигини айтиб ўтган

Sheet Мижозлар
A1: Изох | B1: Сони
A2: Боғланиш имконияти бўлмади | B2: =COUNTIFS($H:$H,A2) -> 682
A3: Ўзи олганлигини айтиб ўтган | B3: =COUNTIFS($H:$H,A3) -> 210
A4: Ўзи олмаганлигини айтиб ўтган | B4: =COUNTIFS($H:$H,A4) -> 57
A5: Мулоқат вақтида алоқа узилиши юз берди | B5: =COUNTIFS($H:$H,A5) -> 29
A6: Бегона шахсга тегишли номер | B6: =COUNTIFS($H:$H,A6) -> 93
A7: Кредит бир қисмини олганлигини айтиб ўтган | B7: =COUNTIFS($H:$H,A7) -> 24
A8: Аниқ жавоб берилмаган | B8: =COUNTIFS($H:$H,A8) -> 25
A9: Учинчи шахсга олиб берганлигини айтиб ўтган | B9: =COUNTIFS($H:$H,A9) -> 9
A10: Жами | B10: =SUM(B2:B9) -> 1129
A12: Мижоз номи | B12: ПИНФЛ | C12: Кредит расмийлаштирилган пайтда солиқ базасидан олинган маълумотга кўра расмий иш жойи | D12: Иш жойи СТИР рақами | E12: Кредит ажратилган сана | F12: Кредит миқдори | G12: Телефон рақами | H12: Изох
A13: "ABDULKHAMIDOV ABDUSHUKR ABDUMALIK O'G'LI" | B13: "33007995180067" | C13: "\" NORIN TUMAN IRRIGATSIYA BO'LIMI\" DM" | D13: "207263708" | E13: "2023-12-27T13:26:05Z" | F13: 30000000 | G13: +998882353132 | H13: Боғланиш имконияти бўлмади
A14: "ABDULLAEV JAKHONGIR AZAMJON O'G'LI" | B14: "30508995920017" | C14: "\" NORIN TUMAN IRRIGATSIYA BO'LIMI\" DM" | D14: "207263708" | E14: "2023-11-06T10:50:15Z" | F14: 30000000 | G14: +998332560100 | H14: Боғланиш имконияти бўлмади
A15: "ABDURAKHMANOV URMANBEK MUMINJANOVICH" | B15: "31102815130010" | C15: "\" NORIN TUMAN IRRIGATSIYA BO'LIMI\" DM" | D15: "207263708" | E15: "2023-12-28T15:56:10Z" | F15: 30000000 | G15: +998948258210 | H15: Боғланиш имконияти бўлмади
A16: "ABDURASULOV ILXOMJON BOZORBOY O`G`LI" | B16: "50104055150035" | C16: "\" NORIN TUMAN IRRIGATSIYA BO'LIMI\" DM" | D16: "207263708" | E16: "2023-12-15T17:31:11Z" | F16: 30000000 | G16: +998930712537 | H16: Боғланиш имконияти бўлмади
A17: "ABDUSALOMOV ABDUMALIK ABDULAZIZ O'G'LI" | B17: "50107045960087" | C17: "\" NORIN TUMAN IRRIGATSIYA BO'LIMI\" DM" | D17: "207263708" | E17: "2023-12-27T09:11:04Z" | F17: 30000000 | G17: +998931933277 | H17: Боғланиш имконияти бўлмади
A18: "ABDUVOKHIDOV MUZAFFAR ZUXRIDDIN O'G'LI" | B18: "32803952170042" | C18: "\" NORIN TUMAN IRRIGATSIYA BO'LIMI\" DM" | D18: "207263708" | E18: "2023-12-25T08:51:11Z" | F18: 30000000 | G18: +998502206400 | H18: Ўзи олганлигини айтиб ўтган
A19: "AKHMEDOV UMARJON NOSIRJONOVICH" | B19: "33108732160026" | C19: "\" NORIN TUMAN IRRIGATSIYA BO'LIMI\" DM" | D19: "207263708" | E19: "2023-12-13T10:00:10Z" | F19: 10000000 | G19: +998770209702 | H19: Ўзи олмаганлигини айтиб ўтган
A20: "AXMAJANOVA MUNISA SOBITXON QIZI" | B20: "41203922170070" | C20: "\" NORIN TUMAN IRRIGATSIYA BO'LIMI\" DM" | D20: "207263708" | E20: "2023-12-29T05:18:03Z" | F20: 30000000 | G20: +998911810779 | H20: Боғланиш имконияти бўлмади
A21: "AZIZOV BOBURJON MADYOR O'G'LI" | B21: "31003902160119" | C21: "\" NORIN TUMAN IRRIGATSIYA BO'LIMI\" DM" | D21: "207263708" | E21: "2023-11-21T11:34:07Z" | F21: 30000000 | G21: +998993265343 | H21: Ўзи олганлигини айтиб ўтган
A22: "BOTIROVA GULBAKHOR INOMJON QIZI" | B22: "40403921330032" | C22: "\" NORIN TUMAN IRRIGATSIYA BO'LIMI\" DM" | D22: "207263708" | E22: "2023-12-25T09:29:14Z" | F22: 30000000 | G22: +998946654393 | H22: Мулоқат вақтида алоқа узилиши юз берди
A23: "BOZOROV DILSHODBEK RAVSHANOVICH" | B23: "31205785130018" | C23: "\" NORIN TUMAN IRRIGATSIYA BO'LIMI\" DM" | D23: "207263708" | E23: "2024-01-03T18:12:10Z" | F23: 30000000 | G23: +998901488078 | H23: Боғланиш имконияти бўлмади
A24: "BURKHONOV JAMOLIDIN SAIDJAXONOVICH" | B24: "32309891330012" | C24: "\" NORIN TUMAN IRRIGATSIYA BO'LIMI\" DM" | D24: "207263708" | E24: "2023-11-12T14:37:09Z" | F24: 30000000 | G24: +998912918994 | H24: Боғланиш имконияти бўлмади
... A1141: "ZARIFOVA ZILOLA ZAFAR QIZI" | B1141: "60910016850013" | C1141: "SHIRIN SHAHAR TIBBIYOT BIRLASHMASI" | D1141: "201169280" | E1141: "2024-01-06T07:00:22Z" | F1141: 30000000 | G1141: +998901160616 | H1141: Ўзи олмаганлигини айтиб ўтган

Sheet Лист2
A1: ПОРТ
A2: ABDIKARIMOV HAMDAM BOBOMUROTOVICH | B2: =+LOOKUP(A:A,Лист3!A:B,2) -> #N/A
A3: ABDISATTAROVA MUKHNISA MAMUR QIZI | B3: =+LOOKUP(A:A,Лист3!A:B,2) -> #N/A
A4: ABDUGANIEVA SHAKHNOZA ARIBJANOVNA | B4: =+LOOKUP(A:A,Лист3!A:B,2) -> #N/A
A5: ABDUGAPPOROV ASADBEK AKROMJON O'G'LI | B5: =+LOOKUP(A:A,Лист3!A:B,2) -> #N/A
A6: ABDUGOFUROVA SAODAT TOLIPTOY QIZI | B6: =+LOOKUP(A:A,Лист3!A:B,2) -> #N/A
A7: ABDUJABBOROV ASADBEK SA?DULLOYEVICH | B7: =+LOOKUP(A:A,Лист3!A:B,2) -> #N/A
A8: ABDUJALILOV JALOLIDDIN ERKINJON O'G'LI | B8: =+LOOKUP(A:A,Лист3!A:B,2) -> #N/A
A9: ABDUJALILOV ODILBEK XURSANALIYEVICH | B9: =+LOOKUP(A:A,Лист3!A:B,2) -> #N/A
A10: ABDUKAKHKHOROV AZIZBEK ABDUMANNON O'G'LI | B10: =+LOOKUP(A:A,Лист3!A:B,2) -> #N/A
A11: ABDUKARIMOV KHAYRULLAKHON ABBASXANOVICH | B11: =+LOOKUP(A:A,Лист3!A:B,2) -> #N/A
A12: ABDUKARIMOV SHOKHRUKHKHON SHERMAT UGLI | B12: =+LOOKUP(A:A,Лист3!A:B,2) -> #N/A
A13: ABDUKHAMIDOVA UMIDA SHAROFIDDIN QIZI | B13: =+LOOKUP(A:A,Лист3!A:B,2) -> #N/A
... A905: ФАЯЗОВ ИНОМИДДИН МАХАМАДОВИЧ | B905: =+LOOKUP(A:A,Лист3!A:B,2) -> #N/A

Sheet Лист3
A1: ДАН
A2: ABDUSALOMOV ABDUMALIK ABDULAZIZ O'G'LI | B2: 1
A3: ABDURASULOV ILXOMJON BOZORBOY O`G`LI | B3: 1
A4: ABDURAKHMANOV URMANBEK MUMINJANOVICH | B4: 1
A5: ABDULLAEV JAKHONGIR AZAMJON O'G'LI | B5: 1
A6: ABDULKHAMIDOV ABDUSHUKR ABDUMALIK O'G'LI | B6: 1
A7: ZUXRIDINOVA DILOROM FAZLIDIN QIZI | B7: 1
A8: ZULUNOV MANSURBEK MAXAMADAMINOVICH | B8: 1
A9: ZOKIROVA NARGIZA MAXMUDJON QIZI | B9: 1
A10: ZOKIRKHONOV ABDULAZIZ BAXODIR-O'G'LI | B10: 1
A11: ZOKHIDOVA MARKHAMATKHON AXMEDOVNA | B11: 1
A12: ZARIPOV UMIDILLO AKBARJON O'G'LI | B12: 1
A13: ZARIFOVA ZILOLA ZAFAR QIZI | B13: 1
... A1130: ABBASOV JASURBEK NABIJON O'G'LI | B1130: 1
